,mean_fit_time,mean_score_time,mean_test_score,mean_train_score,param_min_child_weight,params,rank_test_score,split0_test_score,split0_train_score,split1_test_score,split1_train_score,split2_test_score,split2_train_score,split3_test_score,split3_train_score,split4_test_score,split4_train_score,std_fit_time,std_score_time,std_test_score,std_train_score
0,261.8517014980316,1.4699335098266602,-2.7842337891620397,-2.5824744467133383,1,{'min_child_weight': 1},5,-2.7850750719995903,-2.5813763187343084,-2.787734170941437,-2.582096072348437,-2.777879699420929,-2.5854751003853975,-2.7829086214998573,-2.582172635157186,-2.7875719155328382,-2.581252106941361,3.8561065006783237,0.0992503198161525,0.003639476735122353,0.0015451976838948107
1,265.73251996040347,1.486836814880371,-2.783447870949507,-2.5955235200979736,2,{'min_child_weight': 2},4,-2.785443961477394,-2.5944880248304694,-2.7869140044635223,-2.5955926036730994,-2.777580898851156,-2.5970044020943344,-2.7811361545680273,-2.595863250141051,-2.7861631022548665,-2.5946693197509134,1.1025951344685982,0.37649149304551593,0.0035534796720155747,0.0009072055127266801
2,262.8960056781769,1.2947550296783448,-2.783190730768442,-2.6062479566356296,3,{'min_child_weight': 3},3,-2.7847975604623247,-2.6056947707261715,-2.786166941455868,-2.6061871796280087,-2.7766569468438624,-2.608354180563241,-2.7812482895547777,-2.605524486221677,-2.787084361112293,-2.605479166039051,1.8523471030845122,0.3550016030572535,0.0038224162940671768,0.0010826205382842167
3,263.14058885574343,1.5547502517700196,-2.7824657470607757,-2.6137948346357773,4,{'min_child_weight': 4},2,-2.784237138885293,-2.6129257339372365,-2.7849114297545468,-2.6137248398882353,-2.776497025722265,-2.6160142947934566,-2.7812927979355493,-2.6135025348043013,-2.785390227767586,-2.6128067697556583,2.465050563917438,0.3151708213336001,0.003306660461656685,0.001161718561375251
4,216.6798126220703,1.1711735725402832,-2.7822771879899504,-2.6206399491412014,5,{'min_child_weight': 5},1,-2.784034773880105,-2.619316254987803,-2.7843077369198137,-2.620299996744276,-2.77701016921401,-2.622662062984705,-2.78079512112854,-2.621065916040434,-2.7852381407564293,-2.6198555149487888,90.1825094853083,0.39123024584491584,0.0030302824434450737,0.0011621930167983014
