,mean_fit_time,mean_score_time,mean_test_score,mean_train_score,param_min_child_weight,params,rank_test_score,split0_test_score,split0_train_score,split1_test_score,split1_train_score,split2_test_score,split2_train_score,split3_test_score,split3_train_score,split4_test_score,split4_train_score,std_fit_time,std_score_time,std_test_score,std_train_score
0,125.02155728340149,0.706327486038208,-2.782511724038124,-2.623975499813727,1,{'min_child_weight': 1},3,-2.782179881265457,-2.623701156231225,-2.7858595849036787,-2.6240340989678783,-2.7772248723089694,-2.6252193860933186,-2.7802750170916526,-2.622640734265346,-2.7870215788079435,-2.6242821235108678,1.5020967019684615,0.05998594680464764,0.0035943151451264645,0.000836847477080127
1,124.9195203781128,0.7533051013946533,-2.78280749909997,-2.6304970210523937,2,{'min_child_weight': 2},5,-2.7828854342385068,-2.630781194149321,-2.7861197991211,-2.6301211869784304,-2.7775775773644447,-2.631112370441854,-2.7803176797198286,-2.629030795847479,-2.7871387689849323,-2.631439557844883,0.8769785720340383,0.1451834753163351,0.0035573651980141,0.0008530946521930617
2,123.65613355636597,0.6559093952178955,-2.782472787410021,-2.6365694836215057,3,{'min_child_weight': 3},2,-2.783646457111664,-2.6365308127961984,-2.7844678268152347,-2.636315631006125,-2.7771672667860985,-2.637087995997071,-2.780444678472521,-2.635414923528932,-2.7866391121726677,-2.6374980547791997,0.9882784348488525,0.03126720810911058,0.0033155258239908414,0.0007113431055328317
3,122.2427101612091,0.7084742069244385,-2.782549477441311,-2.6418916418415934,4,{'min_child_weight': 4},4,-2.7845028646284344,-2.6419463560251946,-2.784088815446617,-2.6416413627072375,-2.7775444357514383,-2.642472517615557,-2.7804403029418747,-2.640663687389791,-2.786171416986479,-2.6427342854701856,1.419743727125498,0.12616818301748695,0.0031238965305497406,0.0007240124822497806
4,103.09772615432739,0.7439380645751953,-2.782467527194023,-2.6463475677132764,5,{'min_child_weight': 5},1,-2.783805395332839,-2.6472396773024784,-2.784613539878486,-2.6453849279200368,-2.7768182416677476,-2.6476677386164664,-2.780723774142178,-2.6445193776943574,-2.7863777523259836,-2.6469261170330443,38.23501352120991,0.1984226551138121,0.0033653773883094242,0.0011951890365112228
